{
  "best_model": "LogisticRegression",
  "accuracy": 0.9095238095238095,
  "precision_macro": 0.9104119123763216,
  "recall_macro": 0.9095238095238095,
  "f1_macro": 0.9095019369783746,
  "precision_weighted": 0.9104119123763216,
  "recall_weighted": 0.9095238095238095,
  "f1_weighted": 0.9095019369783747,
  "per_class": {
    "Important": {
      "precision": 0.8904109589041096,
      "recall": 0.9285714285714286,
      "f1-score": 0.9090909090909091,
      "support": 140.0
    },
    "Work": {
      "precision": 0.917910447761194,
      "recall": 0.8785714285714286,
      "f1-score": 0.8978102189781022,
      "support": 140.0
    },
    "Personal": {
      "precision": 0.9090909090909091,
      "recall": 0.9285714285714286,
      "f1-score": 0.9187279151943463,
      "support": 140.0
    },
    "Social": {
      "precision": 0.9393939393939394,
      "recall": 0.8857142857142857,
      "f1-score": 0.9117647058823529,
      "support": 140.0
    },
    "Promotions": {
      "precision": 0.8791946308724832,
      "recall": 0.9357142857142857,
      "f1-score": 0.9065743944636678,
      "support": 140.0
    },
    "Spam": {
      "precision": 0.9264705882352942,
      "recall": 0.9,
      "f1-score": 0.9130434782608695,
      "support": 140.0
    },
    "accuracy": 0.9095238095238095,
    "macro avg": {
      "precision": 0.9104119123763216,
      "recall": 0.9095238095238095,
      "f1-score": 0.9095019369783746,
      "support": 840.0
    },
    "weighted avg": {
      "precision": 0.9104119123763216,
      "recall": 0.9095238095238095,
      "f1-score": 0.9095019369783747,
      "support": 840.0
    }
  },
  "confusion_matrix": [
    [
      130,
      6,
      0,
      0,
      0,
      4
    ],
    [
      11,
      123,
      6,
      0,
      0,
      0
    ],
    [
      0,
      5,
      130,
      5,
      0,
      0
    ],
    [
      0,
      0,
      7,
      124,
      9,
      0
    ],
    [
      0,
      0,
      0,
      3,
      131,
      6
    ],
    [
      5,
      0,
      0,
      0,
      9,
      126
    ]
  ]
}